[
{
  "model": "admin.logentry",
  "pk": 20,
  "fields": {
    "action_time": "2026-03-25T11:09:24.358Z",
    "user": 3,
    "content_type": 4,
    "object_id": "19",
    "object_repr": "blue_user",
    "action_flag": 3,
    "change_message": ""
  }
},
{
  "model": "admin.logentry",
  "pk": 21,
  "fields": {
    "action_time": "2026-03-25T11:09:24.358Z",
    "user": 3,
    "content_type": 4,
    "object_id": "18",
    "object_repr": "pink_user",
    "action_flag": 3,
    "change_message": ""
  }
},
{
  "model": "admin.logentry",
  "pk": 22,
  "fields": {
    "action_time": "2026-03-25T11:09:24.358Z",
    "user": 3,
    "content_type": 4,
    "object_id": "20",
    "object_repr": "white_user",
    "action_flag": 3,
    "change_message": ""
  }
},
{
  "model": "admin.logentry",
  "pk": 23,
  "fields": {
    "action_time": "2026-03-25T11:09:24.358Z",
    "user": 3,
    "content_type": 4,
    "object_id": "17",
    "object_repr": "yellow_user",
    "action_flag": 3,
    "change_message": ""
  }
},
{
  "model": "admin.logentry",
  "pk": 24,
  "fields": {
    "action_time": "2026-03-25T11:10:40.110Z",
    "user": 3,
    "content_type": 4,
    "object_id": "21",
    "object_repr": "kaavi",
    "action_flag": 2,
    "change_message": "[{\"changed\": {\"fields\": [\"password\"]}}]"
  }
},
{
  "model": "auth.user",
  "pk": 3,
  "fields": {
    "password": "pbkdf2_sha256$1200000$yAwgnQ4nmTYsNb82TxaWYX$T+yXrfowB4ld0mGjge7dYqSbPiAEyVfXMkkYCg/S/uw=",
    "last_login": "2026-06-26T15:14:59.175Z",
    "is_superuser": true,
    "username": "Nandanamohan",
    "first_name": "",
    "last_name": "",
    "email": "nandanamohan@gmail.com",
    "is_staff": true,
    "is_active": true,
    "date_joined": "2026-02-13T03:05:52.889Z",
    "groups": [],
    "user_permissions": []
  }
},
{
  "model": "auth.user",
  "pk": 16,
  "fields": {
    "password": "pbkdf2_sha256$1200000$sxY41x6Zy2R7FCSPVu8g7K$6jbp0BJ0sAAWb98S4TdN7GaJniTS0vXaDvZDIcWL5zQ=",
    "last_login": "2026-03-21T17:20:27.830Z",
    "is_superuser": false,
    "username": "ashish",
    "first_name": "ashish laji",
    "last_name": "",
    "email": "ashish@gmail.com",
    "is_staff": false,
    "is_active": true,
    "date_joined": "2026-03-16T09:23:05.514Z",
    "groups": [],
    "user_permissions": []
  }
},
{
  "model": "auth.user",
  "pk": 21,
  "fields": {
    "password": "pbkdf2_sha256$1200000$vfSKuPpsyKbVaQeC2VSqXT$HRz6Mxlt+zUWXHSXa8ai4/kIEbuvdr9TNhJvNBtD5HE=",
    "last_login": "2026-06-26T15:18:35.785Z",
    "is_superuser": false,
    "username": "kaavi",
    "first_name": "kavya",
    "last_name": "",
    "email": "kavya123@gmail.com",
    "is_staff": false,
    "is_active": true,
    "date_joined": "2026-03-21T17:48:54.933Z",
    "groups": [],
    "user_permissions": []
  }
},
{
  "model": "auth.user",
  "pk": 22,
  "fields": {
    "password": "pbkdf2_sha256$1200000$8QATkdBSDv4XlACQtell3N$CYUdQUzYcAius+zAeLQV/+OwMVdFnFhmzCLGuuP7t0w=",
    "last_login": "2026-04-03T16:55:01.804Z",
    "is_superuser": false,
    "username": "viji",
    "first_name": "Vijayalakshmi",
    "last_name": "",
    "email": "viji@gmail.com",
    "is_staff": false,
    "is_active": true,
    "date_joined": "2026-04-03T16:40:20.418Z",
    "groups": [],
    "user_permissions": []
  }
},
{
  "model": "sessions.session",
  "pk": "7x905plz3564pcelnypewrmc8akfsukg",
  "fields": {
    "session_data": ".eJxVjMsOwiAQRf-FtSGAPF267zeQYQakaiAp7cr479qkC93ec859sQjbWuM28hJnYhcm2el3S4CP3HZAd2i3zrG3dZkT3xV-0MGnTvl5Pdy_gwqjfutz8DmYTEIW76wV3hnhdJZOW1CqeOGSpJI8aGkKEiAhWjIqyRCUUMDeH8j6N6c:1vgx97:r2CIeEJ0m52nA04b9Ra4nCz2Olcn5MTdLgyKSQ8KWsE",
    "expire_date": "2026-01-31T03:38:41.450Z"
  }
},
{
  "model": "sessions.session",
  "pk": "r8sb1nzhkxf51tt8dxjlrcp53d3h4jue",
  "fields": {
    "session_data": ".eJxVjEsOwjAMRO-SNYqaKKlrluw5Q-TYLi2gROpnVXF3WqkLmOW8N7OZROsypHXWKY1iriaay2-XiV9aDiBPKo9quZZlGrM9FHvS2d6r6Pt2un8HA83DvqbMERSYmzaj2yOMhF1Q51B9CG2ULlLXh-Ag-ixN74Nn6BtARBAwny_ivzdZ:1vr6JY:X7C2Thjgu1j1_rz2rzNrQvNWCTi-Ji-lIN6wtUa2SCQ",
    "expire_date": "2026-02-28T03:27:24.978Z"
  }
},
{
  "model": "sessions.session",
  "pk": "rw81jg5aj3rhs3zhh3n9vp7gkksgphwp",
  "fields": {
    "session_data": ".eJxVjEsOwjAMBe-SNYpcnObDkj1nqGzHpQWUSP2sEHenlbqA7cy89zYdrcvQrbNO3ZjNxaA5_TImeWrZRX5QuVcrtSzTyHZP7GFne6tZX9ej_TsYaB62tbaUE5IGH8Fn3zK6CNyLQB8BMJ45NNJQaLxsnBCTc5xYQgJVCNl8vuOjN8s:1w8s0S:YsFpocu8nsQBejseyqNCcbk0kp4bgx46Fw3usWeaRpg",
    "expire_date": "2026-04-18T03:49:08.223Z"
  }
},
{
  "model": "mainapp.staff",
  "pk": 1,
  "fields": {
    "staff_id": "STF001",
    "name": "Staff Name",
    "password": "pbkdf2_sha256$1200000$VXGBaM8KoFNQQIPo8wPG1R$e6hbBrXvQ8T2k4LJLHy+oDdQlazc6s+hQE6rns9oqkM=",
    "is_active": true,
    "created_at": "2026-03-03T10:41:39.104Z"
  }
},
{
  "model": "mainapp.profile",
  "pk": 3,
  "fields": {
    "user": 16,
    "role": "user",
    "referred_by": null,
    "district": "Palakkad",
    "city": "Chandapura",
    "ration_card_color": "white"
  }
},
{
  "model": "mainapp.profile",
  "pk": 8,
  "fields": {
    "user": 21,
    "role": "user",
    "referred_by": null,
    "district": "Kasaragod",
    "city": "Perla",
    "ration_card_color": "pink"
  }
},
{
  "model": "mainapp.profile",
  "pk": 9,
  "fields": {
    "user": 3,
    "role": "admin",
    "referred_by": null,
    "district": "Alappuzha",
    "city": "Alappuzha",
    "ration_card_color": "white"
  }
},
{
  "model": "mainapp.profile",
  "pk": 10,
  "fields": {
    "user": 22,
    "role": "user",
    "referred_by": null,
    "district": "Malappuram",
    "city": "Kottakkal",
    "ration_card_color": "blue"
  }
},
{
  "model": "mainapp.product",
  "pk": 5,
  "fields": {
    "name": "Maveli Jaya Rice",
    "category": "General",
    "price": 25.0,
    "quantity": 300.0,
    "unit": "kg",
    "is_subsidy": false,
    "is_eligible_yellow": true,
    "is_eligible_pink": true,
    "is_eligible_blue": true,
    "is_eligible_white": true,
    "created_at": "2026-02-13T18:26:10.218Z"
  }
},
{
  "model": "mainapp.product",
  "pk": 6,
  "fields": {
    "name": "Maveli Matta Rice",
    "category": "General",
    "price": 24.0,
    "quantity": 500.0,
    "unit": "kg",
    "is_subsidy": false,
    "is_eligible_yellow": true,
    "is_eligible_pink": true,
    "is_eligible_blue": true,
    "is_eligible_white": true,
    "created_at": "2026-02-13T18:26:10.218Z"
  }
},
{
  "model": "mainapp.product",
  "pk": 7,
  "fields": {
    "name": "Sabari Coconut Oil (100L)",
    "category": "General",
    "price": 160.0,
    "quantity": 100.0,
    "unit": "l",
    "is_subsidy": false,
    "is_eligible_yellow": true,
    "is_eligible_pink": true,
    "is_eligible_blue": true,
    "is_eligible_white": true,
    "created_at": "2026-02-13T18:26:10.218Z"
  }
},
{
  "model": "mainapp.product",
  "pk": 8,
  "fields": {
    "name": "Green Gram (Cherupayar)",
    "category": "Pulses",
    "price": 92.0,
    "quantity": 100.0,
    "unit": "kg",
    "is_subsidy": false,
    "is_eligible_yellow": true,
    "is_eligible_pink": true,
    "is_eligible_blue": true,
    "is_eligible_white": true,
    "created_at": "2026-02-13T18:26:10.218Z"
  }
},
{
  "model": "mainapp.product",
  "pk": 9,
  "fields": {
    "name": "Black Gram (Uzhunnu)",
    "category": "Pulses",
    "price": 88.0,
    "quantity": 1000.0,
    "unit": "kg",
    "is_subsidy": false,
    "is_eligible_yellow": true,
    "is_eligible_pink": true,
    "is_eligible_blue": true,
    "is_eligible_white": true,
    "created_at": "2026-02-13T18:26:10.218Z"
  }
},
{
  "model": "mainapp.product",
  "pk": 11,
  "fields": {
    "name": "Chilly Powder (1000g)",
    "category": "Spices",
    "price": 120.0,
    "quantity": 1000.0,
    "unit": "g",
    "is_subsidy": false,
    "is_eligible_yellow": true,
    "is_eligible_pink": true,
    "is_eligible_blue": true,
    "is_eligible_white": true,
    "created_at": "2026-02-13T18:26:10.218Z"
  }
},
{
  "model": "mainapp.product",
  "pk": 12,
  "fields": {
    "name": "Coriander Powder (1500g)",
    "category": "Spices",
    "price": 90.0,
    "quantity": 1500.0,
    "unit": "g",
    "is_subsidy": false,
    "is_eligible_yellow": true,
    "is_eligible_pink": true,
    "is_eligible_blue": false,
    "is_eligible_white": true,
    "created_at": "2026-02-13T18:26:10.218Z"
  }
},
{
  "model": "mainapp.product",
  "pk": 13,
  "fields": {
    "name": "Turmeric Powder (1000g)",
    "category": "Spices",
    "price": 35.0,
    "quantity": 1000.0,
    "unit": "g",
    "is_subsidy": false,
    "is_eligible_yellow": true,
    "is_eligible_pink": true,
    "is_eligible_blue": true,
    "is_eligible_white": true,
    "created_at": "2026-02-13T18:26:10.218Z"
  }
},
{
  "model": "mainapp.product",
  "pk": 16,
  "fields": {
    "name": "Jaggery",
    "category": "General",
    "price": 55.0,
    "quantity": 300.0,
    "unit": "kg",
    "is_subsidy": false,
    "is_eligible_yellow": true,
    "is_eligible_pink": true,
    "is_eligible_blue": true,
    "is_eligible_white": true,
    "created_at": "2026-02-13T18:26:10.218Z"
  }
},
{
  "model": "mainapp.product",
  "pk": 17,
  "fields": {
    "name": "Toor Dhal(Thuvara parippu)",
    "category": "Pulses",
    "price": 60.0,
    "quantity": 500.0,
    "unit": "kg",
    "is_subsidy": false,
    "is_eligible_yellow": true,
    "is_eligible_pink": true,
    "is_eligible_blue": true,
    "is_eligible_white": false,
    "created_at": "2026-02-13T18:26:10.218Z"
  }
},
{
  "model": "mainapp.product",
  "pk": 19,
  "fields": {
    "name": "Bengal Gram(kadala)",
    "category": "Pulses",
    "price": 40.0,
    "quantity": 100.0,
    "unit": "kg",
    "is_subsidy": false,
    "is_eligible_yellow": true,
    "is_eligible_pink": true,
    "is_eligible_blue": true,
    "is_eligible_white": true,
    "created_at": "2026-02-22T09:15:50.374Z"
  }
},
{
  "model": "mainapp.product",
  "pk": 20,
  "fields": {
    "name": "Maveli Jaya Rice (Special)",
    "category": "General",
    "price": 25.0,
    "quantity": 100.0,
    "unit": "kg",
    "is_subsidy": true,
    "is_eligible_yellow": true,
    "is_eligible_pink": true,
    "is_eligible_blue": false,
    "is_eligible_white": false,
    "created_at": "2026-03-21T17:41:01.501Z"
  }
},
{
  "model": "mainapp.product",
  "pk": 21,
  "fields": {
    "name": "Subsidy Sugar",
    "category": "General",
    "price": 35.0,
    "quantity": 500.0,
    "unit": "kg",
    "is_subsidy": true,
    "is_eligible_yellow": true,
    "is_eligible_pink": true,
    "is_eligible_blue": false,
    "is_eligible_white": false,
    "created_at": "2026-03-21T17:41:01.546Z"
  }
},
{
  "model": "mainapp.warehouse",
  "pk": 1,
  "fields": {
    "name": "Main Depot",
    "location": "HQ",
    "manager": null
  }
},
{
  "model": "mainapp.warehouse",
  "pk": 2,
  "fields": {
    "name": "Secondary Depot (Store 2)",
    "location": "City Center",
    "manager": null
  }
},
{
  "model": "mainapp.warehousestock",
  "pk": 1,
  "fields": {
    "warehouse": 1,
    "product": 5,
    "quantity": 300.0,
    "aisle": null,
    "bin_number": null
  }
},
{
  "model": "mainapp.warehousestock",
  "pk": 2,
  "fields": {
    "warehouse": 1,
    "product": 6,
    "quantity": 0.0,
    "aisle": null,
    "bin_number": null
  }
},
{
  "model": "mainapp.warehousestock",
  "pk": 3,
  "fields": {
    "warehouse": 1,
    "product": 7,
    "quantity": 100.0,
    "aisle": null,
    "bin_number": null
  }
},
{
  "model": "mainapp.warehousestock",
  "pk": 4,
  "fields": {
    "warehouse": 1,
    "product": 8,
    "quantity": 100.0,
    "aisle": null,
    "bin_number": null
  }
},
{
  "model": "mainapp.warehousestock",
  "pk": 5,
  "fields": {
    "warehouse": 1,
    "product": 9,
    "quantity": 1000.0,
    "aisle": null,
    "bin_number": null
  }
},
{
  "model": "mainapp.warehousestock",
  "pk": 6,
  "fields": {
    "warehouse": 1,
    "product": 11,
    "quantity": 1000.0,
    "aisle": null,
    "bin_number": null
  }
},
{
  "model": "mainapp.warehousestock",
  "pk": 7,
  "fields": {
    "warehouse": 1,
    "product": 12,
    "quantity": 1500.0,
    "aisle": null,
    "bin_number": null
  }
},
{
  "model": "mainapp.warehousestock",
  "pk": 8,
  "fields": {
    "warehouse": 1,
    "product": 13,
    "quantity": 1000.0,
    "aisle": null,
    "bin_number": null
  }
},
{
  "model": "mainapp.warehousestock",
  "pk": 9,
  "fields": {
    "warehouse": 1,
    "product": 16,
    "quantity": 300.0,
    "aisle": null,
    "bin_number": null
  }
},
{
  "model": "mainapp.warehousestock",
  "pk": 10,
  "fields": {
    "warehouse": 1,
    "product": 17,
    "quantity": 500.0,
    "aisle": null,
    "bin_number": null
  }
},
{
  "model": "mainapp.warehousestock",
  "pk": 11,
  "fields": {
    "warehouse": 1,
    "product": 19,
    "quantity": 100.0,
    "aisle": null,
    "bin_number": null
  }
},
{
  "model": "mainapp.warehousestock",
  "pk": 12,
  "fields": {
    "warehouse": 2,
    "product": 6,
    "quantity": 500.0,
    "aisle": null,
    "bin_number": null
  }
},
{
  "model": "mainapp.warehousestock",
  "pk": 13,
  "fields": {
    "warehouse": 1,
    "product": 20,
    "quantity": 100.0,
    "aisle": null,
    "bin_number": null
  }
},
{
  "model": "mainapp.warehousestock",
  "pk": 14,
  "fields": {
    "warehouse": 1,
    "product": 21,
    "quantity": 500.0,
    "aisle": null,
    "bin_number": null
  }
},
{
  "model": "mainapp.stockarrival",
  "pk": 1,
  "fields": {
    "warehouse": 1,
    "arrival_date": "2026-03-17T17:53:37.930Z",
    "received_by": 3,
    "vehicle_no": null,
    "driver_name": null,
    "expected_arrival": null,
    "notes": "KL51R0971",
    "status": "Confirmed"
  }
},
{
  "model": "mainapp.stockarrival",
  "pk": 2,
  "fields": {
    "warehouse": 1,
    "arrival_date": "2026-03-21T17:03:35.010Z",
    "received_by": 3,
    "vehicle_no": "",
    "driver_name": "",
    "expected_arrival": null,
    "notes": "",
    "status": "Pending"
  }
},
{
  "model": "mainapp.stockarrivalitem",
  "pk": 1,
  "fields": {
    "arrival": 1,
    "product": 17,
    "quantity": 500.0
  }
},
{
  "model": "mainapp.stockarrivalitem",
  "pk": 2,
  "fields": {
    "arrival": 2,
    "product": 5,
    "quantity": 300.0
  }
},
{
  "model": "mainapp.stocktransferlog",
  "pk": 1,
  "fields": {
    "from_warehouse": 1,
    "to_warehouse": 2,
    "product": 6,
    "quantity": 500.0,
    "transferred_by": 3,
    "transferred_at": "2026-03-18T03:48:15.833Z",
    "vehicle_no": null,
    "driver_name": null,
    "notes": null
  }
}
]
